{"cameraMode":{"drawMode":0,"name":"Shaded","section":"Shading Mode"},"sceneLighting":false,"audioPlay":false,"sceneViewState":{"showFog":true,"showMaterialUpdate":true,"showSkybox":true,"showFlares":true,"showImageEffects":true,"showParticleSystems":true},"in2DMode":false,"pivot":{"x":-32.847503662109378,"y":-27.012935638427736,"z":-158.04095458984376},"rotation":{"x":0.009409591555595398,"y":-0.9837241172790527,"z":0.054090697318315509,"w":0.17109228670597077},"size":344.74798583984377,"orthographic":false}