{"cameraMode":{"drawMode":0,"name":"Shaded","section":"Shading Mode"},"sceneLighting":false,"audioPlay":false,"sceneViewState":{"showFog":true,"showMaterialUpdate":true,"showSkybox":true,"showFlares":true,"showImageEffects":true,"showParticleSystems":true},"in2DMode":false,"pivot":{"x":-156.52566528320313,"y":-263.5570373535156,"z":126.37220764160156},"rotation":{"x":-0.24282214045524598,"y":0.23408035933971406,"z":-0.060499709099531177,"w":-0.9394592046737671},"size":1.3336763381958008,"orthographic":false}