{"cameraMode":{"drawMode":0,"name":"Shaded","section":"Shading Mode"},"sceneLighting":false,"audioPlay":false,"sceneViewState":{"showFog":true,"showMaterialUpdate":true,"showSkybox":true,"showFlares":true,"showImageEffects":true,"showParticleSystems":true},"in2DMode":false,"pivot":{"x":2.1105339527130129,"y":-19.689895629882814,"z":61.13057327270508},"rotation":{"x":-0.16512389481067658,"y":-0.01627013273537159,"z":0.002724776975810528,"w":-0.9861348867416382},"size":81.21717071533203,"orthographic":false}