{"cameraMode":{"drawMode":0,"name":"Shaded","section":"Shading Mode"},"sceneLighting":false,"audioPlay":false,"sceneViewState":{"showFog":true,"showMaterialUpdate":true,"showSkybox":true,"showFlares":true,"showImageEffects":true,"showParticleSystems":true},"in2DMode":false,"pivot":{"x":2.9103965759277345,"y":4.352175235748291,"z":134.30079650878907},"rotation":{"x":0.35528674721717837,"y":0.172943577170372,"z":-0.06706895679235459,"w":0.9161679744720459},"size":5.697312355041504,"orthographic":false}