{"cameraMode":{"drawMode":0,"name":"Shaded","section":"Shading Mode"},"sceneLighting":false,"audioPlay":false,"sceneViewState":{"showFog":true,"showMaterialUpdate":true,"showSkybox":true,"showFlares":true,"showImageEffects":true,"showParticleSystems":true},"in2DMode":false,"pivot":{"x":-159.12879943847657,"y":-265.70684814453127,"z":131.28207397460938},"rotation":{"x":-0.06281053274869919,"y":0.47383710741996767,"z":-0.033903818577528,"w":-0.8777151107788086},"size":4.041658401489258,"orthographic":false}