{"cameraMode":{"drawMode":0,"name":"Shaded","section":"Shading Mode"},"sceneLighting":false,"audioPlay":false,"sceneViewState":{"showFog":true,"showMaterialUpdate":true,"showSkybox":true,"showFlares":true,"showImageEffects":true,"showParticleSystems":true},"in2DMode":false,"pivot":{"x":54.525848388671878,"y":-33.25483703613281,"z":171.32069396972657},"rotation":{"x":0.2759052515029907,"y":-0.5150511860847473,"z":0.1795518398284912,"w":0.7914289832115173},"size":2.8578836917877199,"orthographic":false}