{"cameraMode":{"drawMode":0,"name":"Shaded","section":"Shading Mode"},"sceneLighting":false,"audioPlay":false,"sceneViewState":{"showFog":true,"showMaterialUpdate":true,"showSkybox":true,"showFlares":true,"showImageEffects":true,"showParticleSystems":true},"in2DMode":false,"pivot":{"x":-8.713624000549317,"y":-312.65838623046877,"z":75.73966979980469},"rotation":{"x":-0.505529522895813,"y":-0.4944065511226654,"z":0.49444299936294558,"w":-0.5054980516433716},"size":438.8443908691406,"orthographic":false}